,1,2,3,4,5,6,7,8,9,10,11,12,13,14,15,16,17,18,19,20,21,22,23,24
A,,,,,,,,,,,,,,,,,,,,,,,,
B,,WM45.1,WM45.1,WM45.1,WM45.1,WM45.1,WM45.1,WM45.1,WM45.1,WM45.1,WM45.1,WM45.1,WM45.1,WM45.1,WM45.1,WM45.1,WM45.1,WM45.1,WM45.1,WM45.1,WM45.1,WM45.1,WM45.1,
C,,WM45.1,WM45.1,WM45.1,WM45.1,WM45.1,WM45.1,WM45.1,WM45.1,WM45.1,WM45.1,WM45.1,WM45.1,WM45.1,WM45.1,WM45.1,WM45.1,WM45.1,WM45.1,WM45.1,WM45.1,WM45.1,WM45.1,
D,,WM45.1,WM45.1,WM45.1,WM45.1,WM45.1,WM45.1,WM45.1,WM45.1,WM45.1,WM45.1,WM45.1,WM45.1,WM45.1,WM45.1,WM45.1,WM45.1,WM45.1,WM45.1,WM45.1,WM45.1,WM45.1,WM45.1,
E,,WM45.1,WM45.1,WM45.1,WM45.1,WM45.1,WM45.1,WM45.1,WM45.1,WM45.1,WM45.1,WM45.1,WM45.1,WM45.1,WM45.1,WM45.1,WM45.1,WM45.1,WM45.1,WM45.1,WM45.1,WM45.1,WM45.1,
F,,WM45.1,WM45.1,WM45.1,WM45.1,WM45.1,WM45.1,WM45.1,WM45.1,WM45.1,WM45.1,WM45.1,WM45.1,WM45.1,WM45.1,WM45.1,WM45.1,WM45.1,WM45.1,WM45.1,WM45.1,WM45.1,WM45.1,
G,,WM45.1,WM45.1,WM45.1,WM45.1,WM45.1,WM45.1,WM45.1,WM45.1,WM45.1,WM45.1,WM45.1,WM45.1,WM45.1,WM45.1,WM45.1,WM45.1,WM45.1,WM45.1,WM45.1,WM45.1,WM45.1,WM45.1,
H,,WM45.1,WM45.1,WM45.1,WM45.1,WM45.1,WM45.1,WM45.1,WM45.1,WM45.1,WM45.1,WM45.1,WM45.1,WM45.1,WM45.1,WM45.1,WM45.1,WM45.1,WM45.1,WM45.1,WM45.1,WM45.1,WM45.1,
I,,FEMXV,FEMXV,FEMXV,FEMXV,FEMXV,FEMXV,FEMXV,FEMXV,FEMXV,FEMXV,FEMXV,FEMXV,FEMXV,FEMXV,FEMXV,FEMXV,FEMXV,FEMXV,FEMXV,FEMXV,FEMXV,FEMXV,
J,,FEMXV,FEMXV,FEMXV,FEMXV,FEMXV,FEMXV,FEMXV,FEMXV,FEMXV,FEMXV,FEMXV,FEMXV,FEMXV,FEMXV,FEMXV,FEMXV,FEMXV,FEMXV,FEMXV,FEMXV,FEMXV,FEMXV,
K,,FEMXV,FEMXV,FEMXV,FEMXV,FEMXV,FEMXV,FEMXV,FEMXV,FEMXV,FEMXV,FEMXV,FEMXV,FEMXV,FEMXV,FEMXV,FEMXV,FEMXV,FEMXV,FEMXV,FEMXV,FEMXV,FEMXV,
L,,FEMXV,FEMXV,FEMXV,FEMXV,FEMXV,FEMXV,FEMXV,FEMXV,FEMXV,FEMXV,FEMXV,FEMXV,FEMXV,FEMXV,FEMXV,FEMXV,FEMXV,FEMXV,FEMXV,FEMXV,FEMXV,FEMXV,
M,,FEMXV,FEMXV,FEMXV,FEMXV,FEMXV,FEMXV,FEMXV,FEMXV,FEMXV,FEMXV,FEMXV,FEMXV,FEMXV,FEMXV,FEMXV,FEMXV,FEMXV,FEMXV,FEMXV,FEMXV,FEMXV,FEMXV,
N,,FEMXV,FEMXV,FEMXV,FEMXV,FEMXV,FEMXV,FEMXV,FEMXV,FEMXV,FEMXV,FEMXV,FEMXV,FEMXV,FEMXV,FEMXV,FEMXV,FEMXV,FEMXV,FEMXV,FEMXV,FEMXV,FEMXV,
O,,FEMXV,FEMXV,FEMXV,FEMXV,FEMXV,FEMXV,FEMXV,FEMXV,FEMXV,FEMXV,FEMXV,FEMXV,FEMXV,FEMXV,FEMXV,FEMXV,FEMXV,FEMXV,FEMXV,FEMXV,FEMXV,FEMXV,
P,,,,,,,,,,,,,,,,,,,,,,,,
