Sample;Drug;Status;Model;ED10;ED50;ED90;minED10;maxED90;avgED10;avgED90;medED10;medED90;Unit
OVCAR-8 R1;Abemaciclib (LY2835219);responder;LL.4;1325,90255163941;6839,47059989038;35280,3892178396;1325,90255163941;35280,3892178396;7882,17246332208;25846,8935629579;10535,0690944795;25174,2284027788;nM
OVCAR-8 R2;Abemaciclib (LY2835219);responder;LL.4;11785,5457438474;17224,7502277105;25174,2284027788;1325,90255163941;35280,3892178396;7882,17246332208;25846,8935629579;10535,0690944795;25174,2284027788;nM
OVCAR-8 R3;Abemaciclib (LY2835219);responder;LL.4;10535,0690944795;13416,5142632766;17086,0630682554;1325,90255163941;35280,3892178396;7882,17246332208;25846,8935629579;10535,0690944795;25174,2284027788;nM
OVCAR-8 R1;Adavosertib (MK-1775);responder;LL.4;257,239330378125;555,678377236276;1200,35477651904;257,239330378125;2417,93257056307;319,988706298398;1934,02663438854;331,99174431702;2183,79255608351;nM
OVCAR-8 R2;Adavosertib (MK-1775);responder;LL.4;331,99174431702;895,954045552654;2417,93257056307;257,239330378125;2417,93257056307;319,988706298398;1934,02663438854;331,99174431702;2183,79255608351;nM
OVCAR-8 R3;Adavosertib (MK-1775);responder;LL.4;370,735044200048;899,782434704832;2183,79255608351;257,239330378125;2417,93257056307;319,988706298398;1934,02663438854;331,99174431702;2183,79255608351;nM
OVCAR-8 R1;Afatinib (BIBW2992);responder;LL.4;1619,7730249881;4160,34637301193;10685,7452719715;1619,7730249881;13565,7615355543;2055,28885791076;12497,8281334393;2261,73786137976;13241,9775927922;nM
OVCAR-8 R2;Afatinib (BIBW2992);responder;LL.4;2284,35568736442;5566,77864812074;13565,7615355543;1619,7730249881;13565,7615355543;2055,28885791076;12497,8281334393;2261,73786137976;13241,9775927922;nM
OVCAR-8 R3;Afatinib (BIBW2992);responder;LL.4;2261,73786137976;5472,64854354458;13241,9775927922;1619,7730249881;13565,7615355543;2055,28885791076;12497,8281334393;2261,73786137976;13241,9775927922;nM
OVCAR-8 R1;Alectinib (CH5424802);responder;LL.4;8190,67186711895;44598,2579617847;242837,784920997;8190,67186711895;242837,784920997;8190,67186711895;242837,784920997;8190,67186711895;242837,784920997;nM
OVCAR-8 R2;Alectinib (CH5424802);failed;NA;NA;NA;NA;8190,67186711895;242837,784920997;8190,67186711895;242837,784920997;8190,67186711895;242837,784920997;nM
OVCAR-8 R3;Alectinib (CH5424802);failed;NA;NA;NA;NA;8190,67186711895;242837,784920997;8190,67186711895;242837,784920997;8190,67186711895;242837,784920997;nM
OVCAR-8 R1;Alpelisib (BYL719);responder;LL.4;162,740285166075;2584,32886381918;41039,3509483734;162,740285166075;41039,3509483734;162,740285166075;41039,3509483734;162,740285166075;41039,3509483734;nM
OVCAR-8 R2;Alpelisib (BYL719);failed;NA;NA;NA;NA;162,740285166075;41039,3509483734;162,740285166075;41039,3509483734;162,740285166075;41039,3509483734;nM
OVCAR-8 R3;Alpelisib (BYL719);failed;NA;NA;NA;NA;162,740285166075;41039,3509483734;162,740285166075;41039,3509483734;162,740285166075;41039,3509483734;nM
OVCAR-8 R1;AZD7762;responder;LL.4;93,2796485840266;305,385948827547;999,795551944982;93,2796485840266;999,795551944982;157,994485343922;773,738839716123;127,569576178478;937,672322476276;nM
OVCAR-8 R2;AZD7762;responder;LL.4;127,569576178478;345,859018637057;937,672322476276;93,2796485840266;999,795551944982;157,994485343922;773,738839716123;127,569576178478;937,672322476276;nM
OVCAR-8 R3;AZD7762;responder;LL.4;253,134231269261;311,672774209776;383,748644727111;93,2796485840266;999,795551944982;157,994485343922;773,738839716123;127,569576178478;937,672322476276;nM
OVCAR-8 R1;AZD8055;responder;LL.4;72,0502974879034;134,94140312513;252,728759106594;56,4142365781492;473,58319125278;67,9019898027193;353,374543549135;72,0502974879034;333,811680288031;nM
OVCAR-8 R2;AZD8055;responder;LL.4;75,2414353421053;158,481765382745;333,811680288031;56,4142365781492;473,58319125278;67,9019898027193;353,374543549135;72,0502974879034;333,811680288031;nM
OVCAR-8 R3;AZD8055;responder;LL.4;56,4142365781492;163,452850053981;473,58319125278;56,4142365781492;473,58319125278;67,9019898027193;353,374543549135;72,0502974879034;333,811680288031;nM
OVCAR-8 R1;Binimetinib (MEK162);responder;LL.4;0,950798122237409;285,177847163146;85534,8812860824;0,950798122237409;1915961,93516362;2191,25993496373;673665,957750547;2830,16922614984;85534,8812860824;nM
OVCAR-8 R2;Binimetinib (MEK162);responder;LL.4;3742,65978061912;8543,17394018128;19501,0568019407;0,950798122237409;1915961,93516362;2191,25993496373;673665,957750547;2830,16922614984;85534,8812860824;nM
OVCAR-8 R3;Binimetinib (MEK162);responder;LL.4;2830,16922614984;73637,6025368464;1915961,93516362;0,950798122237409;1915961,93516362;2191,25993496373;673665,957750547;2830,16922614984;85534,8812860824;nM
OVCAR-8 R1;Carboplatin (NSC 241240);responder;LL.4;4274,91219542774;4671,41748134347;5104,69929846545;4274,91219542774;5104,69929846545;4274,91219542774;5104,69929846545;4274,91219542774;5104,69929846545;nM
OVCAR-8 R2;Carboplatin (NSC 241240);failed;NA;NA;NA;NA;4274,91219542774;5104,69929846545;4274,91219542774;5104,69929846545;4274,91219542774;5104,69929846545;nM
OVCAR-8 R3;Carboplatin (NSC 241240);failed;NA;NA;NA;NA;4274,91219542774;5104,69929846545;4274,91219542774;5104,69929846545;4274,91219542774;5104,69929846545;nM
OVCAR-8 R1;Cerdulatinib (PRT062070, PRT2070);responder;LL.4;18380,9578126615;20707,6693472048;23328,9023435867;18380,9578126615;23328,9023435867;18380,9578126615;23328,9023435867;18380,9578126615;23328,9023435867;nM
OVCAR-8 R2;Cerdulatinib (PRT062070, PRT2070);failed;NA;NA;NA;NA;18380,9578126615;23328,9023435867;18380,9578126615;23328,9023435867;18380,9578126615;23328,9023435867;nM
OVCAR-8 R3;Cerdulatinib (PRT062070, PRT2070);failed;NA;NA;NA;NA;18380,9578126615;23328,9023435867;18380,9578126615;23328,9023435867;18380,9578126615;23328,9023435867;nM
OVCAR-8 R1;Cobimetinib;responder;LL.4;12,5344386226903;715,58509123112;40852,4097653082;12,5344386226903;365427,264276699;34,0639270130416;137333,28313601;39,4690289137411;40852,4097653082;nM
OVCAR-8 R2;Cobimetinib;responder;LL.4;50,1883135026935;535,804026263575;5720,17536602123;12,5344386226903;365427,264276699;34,0639270130416;137333,28313601;39,4690289137411;40852,4097653082;nM
OVCAR-8 R3;Cobimetinib;responder;LL.4;39,4690289137411;3797,77030105908;365427,264276699;12,5344386226903;365427,264276699;34,0639270130416;137333,28313601;39,4690289137411;40852,4097653082;nM
OVCAR-8 R1;Crizotinib (PF-02341066);responder;LL.4;1891,53471502945;6101,29316714142;19680,1983149578;1891,53471502945;21403,0024466997;3139,27288710867;20765,5050087283;3626,10737900685;21213,3142645275;nM
OVCAR-8 R2;Crizotinib (PF-02341066);responder;LL.4;3900,17656728971;9136,49213934222;21403,0024466997;1891,53471502945;21403,0024466997;3139,27288710867;20765,5050087283;3626,10737900685;21213,3142645275;nM
OVCAR-8 R3;Crizotinib (PF-02341066);responder;LL.4;3626,10737900685;8770,50485364408;21213,3142645275;1891,53471502945;21403,0024466997;3139,27288710867;20765,5050087283;3626,10737900685;21213,3142645275;nM
OVCAR-8 R1;Cucurbitacin I (JSI-124);responder;LL.4;59,1445842661999;185,860322203516;584,061242431219;59,1445842661999;4152,02000835411;132,585864794454;2662,65950893422;161,293456682923;3251,89727601732;nM
OVCAR-8 R2;Cucurbitacin I (JSI-124);responder;LL.4;177,319553434239;858,04098604401;4152,02000835411;59,1445842661999;4152,02000835411;132,585864794454;2662,65950893422;161,293456682923;3251,89727601732;nM
OVCAR-8 R3;Cucurbitacin I (JSI-124);responder;LL.4;161,293456682923;724,23045532939;3251,89727601732;59,1445842661999;4152,02000835411;132,585864794454;2662,65950893422;161,293456682923;3251,89727601732;nM
OVCAR-8 R1;Dabrafenib ;failed;NA;NA;NA;NA;NA;NA;NA;NA;NA;NA;nM
OVCAR-8 R2;Dabrafenib ;failed;NA;NA;NA;NA;NA;NA;NA;NA;NA;NA;nM
OVCAR-8 R3;Dabrafenib ;failed;NA;NA;NA;NA;NA;NA;NA;NA;NA;NA;nM
OVCAR-8 R1;Dasatinib (BMS-354825);responder;LL.4;2,07988198898577;76,023219029186;2778,77776824151;0,790421629112787;4555,59888954703;3,05038025305089;2610,72070374023;2,07988198898577;2778,77776824151;nM
OVCAR-8 R2;Dasatinib (BMS-354825);responder;LL.4;6,28083714105412;55,9151979715087;497,785453432135;0,790421629112787;4555,59888954703;3,05038025305089;2610,72070374023;2,07988198898577;2778,77776824151;nM
OVCAR-8 R3;Dasatinib (BMS-354825);responder;LL.4;0,790421629112787;60,0070320534199;4555,59888954703;0,790421629112787;4555,59888954703;3,05038025305089;2610,72070374023;2,07988198898577;2778,77776824151;nM
OVCAR-8 R1;Defactinib (VS-6063, PF-04554878);responder;LL.4;9791,70403820215;11086,8544382779;12553,3146075493;9791,70403820215;37949,9866056118;15134,4217606062;25103,3916838364;16857,7041332541;24806,873838348;nM
OVCAR-8 R2;Defactinib (VS-6063, PF-04554878);responder;LL.4;18753,8571103624;21569,0650543589;24806,873838348;9791,70403820215;37949,9866056118;15134,4217606062;25103,3916838364;16857,7041332541;24806,873838348;nM
OVCAR-8 R3;Defactinib (VS-6063, PF-04554878);responder;LL.4;16857,7041332541;25293,2727431299;37949,9866056118;9791,70403820215;37949,9866056118;15134,4217606062;25103,3916838364;16857,7041332541;24806,873838348;nM
OVCAR-8 R1;Dexamethasone;failed;NA;NA;NA;NA;NA;NA;NA;NA;NA;NA;nM
OVCAR-8 R2;Dexamethasone;failed;NA;NA;NA;NA;NA;NA;NA;NA;NA;NA;nM
OVCAR-8 R3;Dexamethasone;failed;NA;NA;NA;NA;NA;NA;NA;NA;NA;NA;nM
OVCAR-8 R1;Entrektinib (RXDX-101);responder;LL.4;2657,45546583393;4316,02460914295;7009,73870163499;2657,45546583393;10924,0794612049;3186,67445551335;8129,77435016616;3083,09624049491;7009,73870163499;nM
OVCAR-8 R2;Entrektinib (RXDX-101);responder;LL.4;3819,47166021121;6459,42814155922;10924,0794612049;2657,45546583393;10924,0794612049;3186,67445551335;8129,77435016616;3083,09624049491;7009,73870163499;nM
OVCAR-8 R3;Entrektinib (RXDX-101);responder;LL.4;3083,09624049491;4461,27143868616;6455,50488765864;2657,45546583393;10924,0794612049;3186,67445551335;8129,77435016616;3083,09624049491;7009,73870163499;nM
OVCAR-8 R1;Erlotinib;responder;LL.4;2173,66508170463;4546,86670874812;9511,12342059109;2173,66508170463;11070,8341711005;4430,88170535933;8823,18316015908;4899,46401498583;9511,12342059109;nM
OVCAR-8 R2;Erlotinib;responder;LL.4;6219,51601938755;8297,90518595762;11070,8341711005;2173,66508170463;11070,8341711005;4430,88170535933;8823,18316015908;4899,46401498583;9511,12342059109;nM
OVCAR-8 R3;Erlotinib;responder;LL.4;4899,46401498583;5370,8513844667;5887,59188878569;2173,66508170463;11070,8341711005;4430,88170535933;8823,18316015908;4899,46401498583;9511,12342059109;nM
OVCAR-8 R1;Everolimus (RAD001);responder;LL.4;1,53220329685769;12,1312289827266;96,0490797358042;0,831910226270664;744,69025649478;1,18205676156417;420,369668115292;1,18205676156417;420,369668115292;nM
OVCAR-8 R2;Everolimus (RAD001);failed;NA;NA;NA;NA;0,831910226270664;744,69025649478;1,18205676156417;420,369668115292;1,18205676156417;420,369668115292;nM
OVCAR-8 R3;Everolimus (RAD001);responder;LL.4;0,831910226270664;24,8900670907519;744,69025649478;0,831910226270664;744,69025649478;1,18205676156417;420,369668115292;1,18205676156417;420,369668115292;nM
OVCAR-8 R1;Flavopiridol (L86-8275) HCl;responder;LL.4;44,0887776673467;101,878030837606;235,414400590997;28,6787919742467;337,675572242784;49,7029104234342;299,147902511378;44,0887776673467;324,353734700354;nM
OVCAR-8 R2;Flavopiridol (L86-8275) HCl;responder;LL.4;76,3411616287092;157,358002292973;324,353734700354;28,6787919742467;337,675572242784;49,7029104234342;299,147902511378;44,0887776673467;324,353734700354;nM
OVCAR-8 R3;Flavopiridol (L86-8275) HCl;responder;LL.4;28,6787919742467;98,407964571652;337,675572242784;28,6787919742467;337,675572242784;49,7029104234342;299,147902511378;44,0887776673467;324,353734700354;nM
OVCAR-8 R1;Fludarabine (Fludara);responder;LL.4;2642,99903513915;22808,1354784451;196826,043856545;1207,26992495331;196826,043856545;2843,9927372844;76781,4622025924;2642,99903513915;19814,2317871848;nM
OVCAR-8 R2;Fludarabine (Fludara);responder;LL.4;1207,26992495331;4067,50058575495;13704,110964047;1207,26992495331;196826,043856545;2843,9927372844;76781,4622025924;2642,99903513915;19814,2317871848;nM
OVCAR-8 R3;Fludarabine (Fludara);responder;LL.4;4681,70925176075;9631,43147588121;19814,2317871848;1207,26992495331;196826,043856545;2843,9927372844;76781,4622025924;2642,99903513915;19814,2317871848;nM
OVCAR-8 R1;Flunarizine 2HCl;responder;LL.4;3604,9046442762;14894,0226741541;61536,1384857816;3604,9046442762;61536,1384857816;3604,9046442762;61536,1384857816;3604,9046442762;61536,1384857816;nM
OVCAR-8 R2;Flunarizine 2HCl;failed;NA;NA;NA;NA;3604,9046442762;61536,1384857816;3604,9046442762;61536,1384857816;3604,9046442762;61536,1384857816;nM
OVCAR-8 R3;Flunarizine 2HCl;failed;NA;NA;NA;NA;3604,9046442762;61536,1384857816;3604,9046442762;61536,1384857816;3604,9046442762;61536,1384857816;nM
OVCAR-8 R1;Gedatolisib (PKI-587);responder;LL.4;147,89223032628;506,13285104794;1732,14280658796;147,89223032628;6293,01577061651;246,076828934358;4027,06639403044;220,302773077698;4056,04060488685;nM
OVCAR-8 R2;Gedatolisib (PKI-587);responder;LL.4;370,035483399096;1525,98792023994;6293,01577061651;147,89223032628;6293,01577061651;246,076828934358;4027,06639403044;220,302773077698;4056,04060488685;nM
OVCAR-8 R3;Gedatolisib (PKI-587);responder;LL.4;220,302773077698;945,28143585512;4056,04060488685;147,89223032628;6293,01577061651;246,076828934358;4027,06639403044;220,302773077698;4056,04060488685;nM
OVCAR-8 R1;Gemcitabine (LY-188011) HCl;responder;LL.4;1199,79150080257;1538,44071613771;1972,67594868533;0,317476530295899;1972,67594868533;835,012672684801;1850,09942416426;1199,79150080257;1900,49596276288;nM
OVCAR-8 R2;Gemcitabine (LY-188011) HCl;responder;LL.4;0,317476530295899;23,0748403672098;1677,12636104457;0,317476530295899;1972,67594868533;835,012672684801;1850,09942416426;1199,79150080257;1900,49596276288;nM
OVCAR-8 R3;Gemcitabine (LY-188011) HCl;responder;LL.4;1304,92904072154;1574,8055034141;1900,49596276288;0,317476530295899;1972,67594868533;835,012672684801;1850,09942416426;1199,79150080257;1900,49596276288;nM
OVCAR-8 R1;Idasanutlin (RG-7388);responder;LL.4;4609,20145523145;4998,6885071257;5421,08802011907;2714,71713894398;27403,7756095666;3661,95929708771;16412,4318148428;3661,95929708771;16412,4318148428;nM
OVCAR-8 R2;Idasanutlin (RG-7388);failed;NA;NA;NA;NA;2714,71713894398;27403,7756095666;3661,95929708771;16412,4318148428;3661,95929708771;16412,4318148428;nM
OVCAR-8 R3;Idasanutlin (RG-7388);responder;LL.4;2714,71713894398;8625,16662558268;27403,7756095666;2714,71713894398;27403,7756095666;3661,95929708771;16412,4318148428;3661,95929708771;16412,4318148428;nM
OVCAR-8 R1;Lapatinib Ditosylate (Tykerb);responder;LL.4;1901,66482400954;3996,73014721186;8399,93024425425;1901,66482400954;10282,9649405862;4724,59502484685;9275,42198904553;5861,2252961736;9143,37078229611;nM
OVCAR-8 R2;Lapatinib Ditosylate (Tykerb);responder;LL.4;5861,2252961736;7320,61173137113;9143,37078229611;1901,66482400954;10282,9649405862;4724,59502484685;9275,42198904553;5861,2252961736;9143,37078229611;nM
OVCAR-8 R3;Lapatinib Ditosylate (Tykerb);responder;LL.4;6410,89495435742;8119,29849515575;10282,9649405862;1901,66482400954;10282,9649405862;4724,59502484685;9275,42198904553;5861,2252961736;9143,37078229611;nM
OVCAR-8 R1;LJH-685;failed;NA;NA;NA;NA;NA;NA;NA;NA;NA;NA;nM
OVCAR-8 R2;LJH-685;failed;NA;NA;NA;NA;NA;NA;NA;NA;NA;NA;nM
OVCAR-8 R3;LJH-685;failed;NA;NA;NA;NA;NA;NA;NA;NA;NA;NA;nM
OVCAR-8 R1;Luminespib (NVP-AUY922);responder;LL.4;10,0809746668508;12,0547954820325;14,4150837509274;10,0809746668508;21,1199570819289;13,6615258713625;17,1477968387409;12,3069766246485;15,9083496833665;nM
OVCAR-8 R2;Luminespib (NVP-AUY922);responder;LL.4;18,5966263225883;19,8181722114259;21,1199570819289;10,0809746668508;21,1199570819289;13,6615258713625;17,1477968387409;12,3069766246485;15,9083496833665;nM
OVCAR-8 R3;Luminespib (NVP-AUY922);responder;LL.4;12,3069766246485;13,9922724276626;15,9083496833665;10,0809746668508;21,1199570819289;13,6615258713625;17,1477968387409;12,3069766246485;15,9083496833665;nM
OVCAR-8 R1;Mebendalzole;responder;LL.4;308,992896207129;604,888087040378;1184,1359537214;193,6442563918;2216,74785342164;244,554158366531;1660,04146428377;231,025322500665;1579,24058570828;nM
OVCAR-8 R2;Mebendalzole;responder;LL.4;231,025322500665;604,023646573041;1579,24058570828;193,6442563918;2216,74785342164;244,554158366531;1660,04146428377;231,025322500665;1579,24058570828;nM
OVCAR-8 R3;Mebendalzole;responder;LL.4;193,6442563918;655,179738456519;2216,74785342164;193,6442563918;2216,74785342164;244,554158366531;1660,04146428377;231,025322500665;1579,24058570828;nM
OVCAR-8 R1;Metformin;failed;NA;NA;NA;NA;NA;NA;NA;NA;NA;NA;nM
OVCAR-8 R2;Metformin;failed;NA;NA;NA;NA;NA;NA;NA;NA;NA;NA;nM
OVCAR-8 R3;Metformin;failed;NA;NA;NA;NA;NA;NA;NA;NA;NA;NA;nM
OVCAR-8 R1;MK-2206 2HCl;responder;LL.4;544,645694362739;4067,74731805312;30380,4260545723;544,645694362739;30380,4260545723;6692,44167462012;20891,9519131239;9399,40094090529;16241,5268316762;nM
OVCAR-8 R2;MK-2206 2HCl;responder;LL.4;10133,2783885923;12754,554748564;16053,9028531233;544,645694362739;30380,4260545723;6692,44167462012;20891,9519131239;9399,40094090529;16241,5268316762;nM
OVCAR-8 R3;MK-2206 2HCl;responder;LL.4;9399,40094090529;12355,5907419838;16241,5268316762;544,645694362739;30380,4260545723;6692,44167462012;20891,9519131239;9399,40094090529;16241,5268316762;nM
OVCAR-8 R1;Navitoclax (ABT-263);responder;LL.4;1614,63990734567;3670,11971747752;8342,28033095035;1614,63990734567;1266665,43905876;7090,28731054355;637503,859694853;7090,28731054355;637503,859694853;nM
OVCAR-8 R2;Navitoclax (ABT-263);responder;LL.4;12565,9347137414;126161,940423271;1266665,43905876;1614,63990734567;1266665,43905876;7090,28731054355;637503,859694853;7090,28731054355;637503,859694853;nM
OVCAR-8 R3;Navitoclax (ABT-263);failed;NA;NA;NA;NA;1614,63990734567;1266665,43905876;7090,28731054355;637503,859694853;7090,28731054355;637503,859694853;nM
OVCAR-8 R1;Niclosamide (BAY2353);responder;LL.4;774,046774519132;2705,80321333912;9458,5640949988;766,773886421228;13051,5421889809;909,640218794591;10371,1525561265;774,046774519132;9458,5640949988;nM
OVCAR-8 R2;Niclosamide (BAY2353);responder;LL.4;766,773886421228;3163,47620949416;13051,5421889809;766,773886421228;13051,5421889809;909,640218794591;10371,1525561265;774,046774519132;9458,5640949988;nM
OVCAR-8 R3;Niclosamide (BAY2353);responder;LL.4;1188,09999544341;3197,13023516456;8603,35138439972;766,773886421228;13051,5421889809;909,640218794591;10371,1525561265;774,046774519132;9458,5640949988;nM
OVCAR-8 R1;Niraparib (MK-4827);responder;LL.4;1878,10529413363;6610,99565915647;23270,9336062794;1878,10529413363;23270,9336062794;2553,8734281624;16573,7077999115;2614,90462597579;14301,5248088295;nM
OVCAR-8 R2;Niraparib (MK-4827);responder;LL.4;2614,90462597579;6115,31874730302;14301,5248088295;1878,10529413363;23270,9336062794;2553,8734281624;16573,7077999115;2614,90462597579;14301,5248088295;nM
OVCAR-8 R3;Niraparib (MK-4827);responder;LL.4;3168,61036437777;6204,38440005432;12148,6649846254;1878,10529413363;23270,9336062794;2553,8734281624;16573,7077999115;2614,90462597579;14301,5248088295;nM
OVCAR-8 R1;Nutlin-3a;failed;NA;NA;NA;NA;NA;NA;NA;NA;NA;NA;nM
OVCAR-8 R2;Nutlin-3a;failed;NA;NA;NA;NA;NA;NA;NA;NA;NA;NA;nM
OVCAR-8 R3;Nutlin-3a;failed;NA;NA;NA;NA;NA;NA;NA;NA;NA;NA;nM
OVCAR-8 R1;Olaparib (AZD2281);responder;LL.4;2219,23792605364;7601,14425548927;26034,7902829419;2219,23792605364;26034,7902829419;2219,23792605364;26034,7902829419;2219,23792605364;26034,7902829419;nM
OVCAR-8 R2;Olaparib (AZD2281);failed;NA;NA;NA;NA;2219,23792605364;26034,7902829419;2219,23792605364;26034,7902829419;2219,23792605364;26034,7902829419;nM
OVCAR-8 R3;Olaparib (AZD2281);failed;NA;NA;NA;NA;2219,23792605364;26034,7902829419;2219,23792605364;26034,7902829419;2219,23792605364;26034,7902829419;nM
OVCAR-8 R1;Paclitaxel (NSC 125973);responder;LL.4;3,30562902029469;13,4298474932865;54,5617195957625;2,20296136247652;54,5617195957625;3,18590905794507;43,5121853868505;3,30562902029469;38,1200086555697;nM
OVCAR-8 R2;Paclitaxel (NSC 125973);responder;LL.4;4,04913679106399;12,3806048481734;37,8548279092193;2,20296136247652;54,5617195957625;3,18590905794507;43,5121853868505;3,30562902029469;38,1200086555697;nM
OVCAR-8 R3;Paclitaxel (NSC 125973);responder;LL.4;2,20296136247652;9,16389143352815;38,1200086555697;2,20296136247652;54,5617195957625;3,18590905794507;43,5121853868505;3,30562902029469;38,1200086555697;nM
OVCAR-8 R1;Palbociclib;responder;LL.4;7673,99882330753;12071,2888226059;18988,276802467;7673,99882330753;19581,535444659;8857,7542955267;19297,7546303471;9216,58234092376;19323,4516439152;nM
OVCAR-8 R2;Palbociclib;responder;LL.4;9216,58234092376;13434,0922204449;19581,535444659;7673,99882330753;19581,535444659;8857,7542955267;19297,7546303471;9216,58234092376;19323,4516439152;nM
OVCAR-8 R3;Palbociclib;responder;LL.4;9682,68172234881;13678,5537263714;19323,4516439152;7673,99882330753;19581,535444659;8857,7542955267;19297,7546303471;9216,58234092376;19323,4516439152;nM
OVCAR-8 R1;Panobinostat (LBH589);responder;LL.4;29,2735202484355;121,735468093532;506,243323870261;29,2735202484355;1047,46858702081;32,021365296895;839,78788004602;29,9528212659651;965,651729246985;nM
OVCAR-8 R2;Panobinostat (LBH589);responder;LL.4;36,8377543762846;188,606577867886;965,651729246985;29,2735202484355;1047,46858702081;32,021365296895;839,78788004602;29,9528212659651;965,651729246985;nM
OVCAR-8 R3;Panobinostat (LBH589);responder;LL.4;29,9528212659651;177,12887785098;1047,46858702081;29,2735202484355;1047,46858702081;32,021365296895;839,78788004602;29,9528212659651;965,651729246985;nM
OVCAR-8 R1;Pertuzumab (anti-HER2);failed;NA;NA;NA;NA;NA;NA;NA;NA;NA;NA;nM
OVCAR-8 R2;Pertuzumab (anti-HER2);failed;NA;NA;NA;NA;NA;NA;NA;NA;NA;NA;nM
OVCAR-8 R3;Pertuzumab (anti-HER2);failed;NA;NA;NA;NA;NA;NA;NA;NA;NA;NA;nM
OVCAR-8 R1;Pictilisib (GDC-0941);responder;LL.4;113,723178777301;1118,3930117386;10998,6630883325;113,723178777301;103137,741408525;234,790831893674;45852,3813621928;218,267255738866;23420,739589721;nM
OVCAR-8 R2;Pictilisib (GDC-0941);responder;LL.4;218,267255738866;2260,96894220664;23420,739589721;113,723178777301;103137,741408525;234,790831893674;45852,3813621928;218,267255738866;23420,739589721;nM
OVCAR-8 R3;Pictilisib (GDC-0941);responder;LL.4;372,382061164857;6197,30947505403;103137,741408525;113,723178777301;103137,741408525;234,790831893674;45852,3813621928;218,267255738866;23420,739589721;nM
OVCAR-8 R1;Quinacrine;responder;LL.4;5703,54290947179;11090,8743364452;21566,8568640981;5703,54290947179;70221,2584065944;10136,5066177549;46456,3704801917;12327,9573053905;47580,9961698825;nM
OVCAR-8 R2;Quinacrine;responder;LL.4;12327,9573053905;29422,5198711343;70221,2584065944;5703,54290947179;70221,2584065944;10136,5066177549;46456,3704801917;12327,9573053905;47580,9961698825;nM
OVCAR-8 R3;Quinacrine;responder;LL.4;12378,0196384024;24268,4672982361;47580,9961698825;5703,54290947179;70221,2584065944;10136,5066177549;46456,3704801917;12327,9573053905;47580,9961698825;nM
OVCAR-8 R1;Ruxolitinib (INCB018424);failed;NA;NA;NA;NA;NA;NA;NA;NA;NA;NA;nM
OVCAR-8 R2;Ruxolitinib (INCB018424);failed;NA;NA;NA;NA;NA;NA;NA;NA;NA;NA;nM
OVCAR-8 R3;Ruxolitinib (INCB018424);failed;NA;NA;NA;NA;NA;NA;NA;NA;NA;NA;nM
OVCAR-8 R1;Selpercatinib (LOXO-292);responder;LL.4;5361,84513756006;9835,02669422461;18040,0118978683;5361,84513756006;73071,5509087453;8837,85027570969;34454,3823160032;9455,56592332446;18040,0118978683;nM
OVCAR-8 R2;Selpercatinib (LOXO-292);responder;LL.4;9455,56592332446;10763,1622450898;12251,584141396;5361,84513756006;73071,5509087453;8837,85027570969;34454,3823160032;9455,56592332446;18040,0118978683;nM
OVCAR-8 R3;Selpercatinib (LOXO-292);responder;LL.4;11696,1397662445;29234,4843013339;73071,5509087453;5361,84513756006;73071,5509087453;8837,85027570969;34454,3823160032;9455,56592332446;18040,0118978683;nM
OVCAR-8 R1;Selumetinib (AZD6244);responder;LL.4;751,988265042377;2917,71743763679;11320,7551788192;751,988265042377;17357,6559171059;2275,92429229679;14151,8079204083;2667,21808456887;13777,0126652999;nM
OVCAR-8 R2;Selumetinib (AZD6244);responder;LL.4;3408,56652727913;7691,86095500143;17357,6559171059;751,988265042377;17357,6559171059;2275,92429229679;14151,8079204083;2667,21808456887;13777,0126652999;nM
OVCAR-8 R3;Selumetinib (AZD6244);responder;LL.4;2667,21808456887;6061,87242790725;13777,0126652999;751,988265042377;17357,6559171059;2275,92429229679;14151,8079204083;2667,21808456887;13777,0126652999;nM
OVCAR-8 R1;Simvastatin (MK 733);failed;NA;NA;NA;NA;NA;NA;NA;NA;NA;NA;nM
OVCAR-8 R2;Simvastatin (MK 733);failed;NA;NA;NA;NA;NA;NA;NA;NA;NA;NA;nM
OVCAR-8 R3;Simvastatin (MK 733);failed;NA;NA;NA;NA;NA;NA;NA;NA;NA;NA;nM
OVCAR-8 R1;Sorafenib (Nexavar);responder;LL.4;2569,52620921923;5068,03215213728;9995,9867320839;2569,52620921923;27516,8701172888;2981,20482821656;16792,9979576695;2814,24987713978;12866,1370236357;nM
OVCAR-8 R2;Sorafenib (Nexavar);responder;LL.4;2814,24987713978;8799,96297417503;27516,8701172888;2569,52620921923;27516,8701172888;2981,20482821656;16792,9979576695;2814,24987713978;12866,1370236357;nM
OVCAR-8 R3;Sorafenib (Nexavar);responder;LL.4;3559,83839829066;6767,67084116886;12866,1370236357;2569,52620921923;27516,8701172888;2981,20482821656;16792,9979576695;2814,24987713978;12866,1370236357;nM
OVCAR-8 R1;Tamoxifen (ICI 46474);responder;LL.4;4387,21812910813;21810,2153650032;108425,311956058;4387,21812910813;108425,311956058;4387,21812910813;108425,311956058;4387,21812910813;108425,311956058;nM
OVCAR-8 R2;Tamoxifen (ICI 46474);failed;NA;NA;NA;NA;4387,21812910813;108425,311956058;4387,21812910813;108425,311956058;4387,21812910813;108425,311956058;nM
OVCAR-8 R3;Tamoxifen (ICI 46474);failed;NA;NA;NA;NA;4387,21812910813;108425,311956058;4387,21812910813;108425,311956058;4387,21812910813;108425,311956058;nM
OVCAR-8 R1;Temsirolimus (CCI-779);responder;LL.4;6,49532475646828;9,43944743730009;13,7180466354387;6,49532475646828;13,7180466354387;6,49532475646828;13,7180466354387;6,49532475646828;13,7180466354387;nM
OVCAR-8 R2;Temsirolimus (CCI-779);failed;NA;NA;NA;NA;6,49532475646828;13,7180466354387;6,49532475646828;13,7180466354387;6,49532475646828;13,7180466354387;nM
OVCAR-8 R3;Temsirolimus (CCI-779);failed;NA;NA;NA;NA;6,49532475646828;13,7180466354387;6,49532475646828;13,7180466354387;6,49532475646828;13,7180466354387;nM
OVCAR-8 R1;TNKS1/2 inhibitor (OM-153);failed;NA;NA;NA;NA;NA;NA;NA;NA;NA;NA;nM
OVCAR-8 R2;TNKS1/2 inhibitor (OM-153);failed;NA;NA;NA;NA;NA;NA;NA;NA;NA;NA;nM
OVCAR-8 R3;TNKS1/2 inhibitor (OM-153);failed;NA;NA;NA;NA;NA;NA;NA;NA;NA;NA;nM
OVCAR-8 R1;Trametinib (GSK1120212);responder;LL.4;7,28074749593786;10,90571069589;16,3354828400252;7,12158996767179;640,902816050925;20,3277638201134;251,895488968083;7,28074749593786;98,4481680132976;nM
OVCAR-8 R2;Trametinib (GSK1120212);responder;LL.4;46,5809539967306;67,7186059018481;98,4481680132976;7,12158996767179;640,902816050925;20,3277638201134;251,895488968083;7,28074749593786;98,4481680132976;nM
OVCAR-8 R3;Trametinib (GSK1120212);responder;LL.4;7,12158996767179;67,5592115483956;640,902816050925;7,12158996767179;640,902816050925;20,3277638201134;251,895488968083;7,28074749593786;98,4481680132976;nM
OVCAR-8 R1;Vemurafenib (PLX4032);failed;NA;NA;NA;NA;NA;NA;NA;NA;NA;NA;nM
OVCAR-8 R2;Vemurafenib (PLX4032);failed;NA;NA;NA;NA;NA;NA;NA;NA;NA;NA;nM
OVCAR-8 R3;Vemurafenib (PLX4032);failed;NA;NA;NA;NA;NA;NA;NA;NA;NA;NA;nM
OVCAR-8 R1;Venetoclax (ABT-199);failed;NA;NA;NA;NA;NA;NA;NA;NA;NA;NA;nM
OVCAR-8 R2;Venetoclax (ABT-199);failed;NA;NA;NA;NA;NA;NA;NA;NA;NA;NA;nM
OVCAR-8 R3;Venetoclax (ABT-199);failed;NA;NA;NA;NA;NA;NA;NA;NA;NA;NA;nM
OVCAR-8 R1;Vinorelbine ditartrate (Navelbine);responder;LL.4;35,5255951850622;265,192995899535;1979,62411911235;35,5255951850622;1979,62411911235;67,5047821252654;1304,1936568788;81,5126065356396;1270,73249220992;nM
OVCAR-8 R2;Vinorelbine ditartrate (Navelbine);responder;LL.4;85,4761446550943;237,916760928821;662,224359314131;35,5255951850622;1979,62411911235;67,5047821252654;1304,1936568788;81,5126065356396;1270,73249220992;nM
OVCAR-8 R3;Vinorelbine ditartrate (Navelbine);responder;LL.4;81,5126065356396;321,839583720773;1270,73249220992;35,5255951850622;1979,62411911235;67,5047821252654;1304,1936568788;81,5126065356396;1270,73249220992;nM
OVCAR-8 R1;Vismodegib (GDC-0449);failed;NA;NA;NA;NA;NA;NA;NA;NA;NA;NA;nM
OVCAR-8 R2;Vismodegib (GDC-0449);failed;NA;NA;NA;NA;NA;NA;NA;NA;NA;NA;nM
OVCAR-8 R3;Vismodegib (GDC-0449);failed;NA;NA;NA;NA;NA;NA;NA;NA;NA;NA;nM
OVCAR-8 R1;Volasertib (BI 6727);responder;LL.4;86,2834229559633;672,338088491927;5238,99597107646;86,2834229559633;5238,99597107646;390,20191520493;2606,63155136861;242,519153827676;1578,01040128013;nM
OVCAR-8 R2;Volasertib (BI 6727);responder;LL.4;841,803168831152;918,822362353105;1002,88828174924;86,2834229559633;5238,99597107646;390,20191520493;2606,63155136861;242,519153827676;1578,01040128013;nM
OVCAR-8 R3;Volasertib (BI 6727);responder;LL.4;242,519153827676;618,625692361486;1578,01040128013;86,2834229559633;5238,99597107646;390,20191520493;2606,63155136861;242,519153827676;1578,01040128013;nM
